meanRating,stdDevRating
3.543608255669773,1.0580641091070326
